model,feature_engineering,k,cv_rmse_mean,cv_rmse_std,fold_1,fold_2,fold_3,fold_4,fold_5
GradientBoosting,True,all,0.125655012742581,0.014651730884836137,0.13149294358353972,0.13369521733675732,0.14549547510367267,0.11129810248480004,0.1062933252041353
GradientBoosting,True,100,0.12927684096193381,0.015409625370469329,0.13199211861983276,0.14435165988513218,0.1469749723874202,0.11373827139108153,0.10932718252620238
GradientBoosting,False,all,0.129542128027121,0.017596681490450707,0.12985683086536365,0.1397281267631884,0.15638692790168165,0.11450089693744415,0.10723785766792712
GradientBoosting,True,80,0.12961611345361124,0.016228461778645727,0.13137415113727524,0.14391936515989884,0.15020253718123064,0.1139202668231974,0.10866424696645405
GradientBoosting,True,60,0.13301776789493053,0.01845751809267168,0.13423522589505538,0.14793485804121576,0.15758629002443736,0.11753531088947645,0.10779715462446775
ElasticNet,True,all,0.13594809410133585,0.030798519073975114,0.13455669427688655,0.12915524512620025,0.19448681479880892,0.1105507966550721,0.11099091964971154
Ridge,True,all,0.1360420467639126,0.026568977341438576,0.13574966283385986,0.13056182629837332,0.18618983264967853,0.11402131636215931,0.11368759567549204
ElasticNet,False,all,0.13839875246080036,0.032009233345508585,0.13139184665550196,0.13579410976577355,0.19940922931160368,0.10924450891837936,0.11615406765274322
Ridge,False,all,0.1400096254460276,0.02909951435639955,0.13548776367030463,0.13534508277660598,0.19575600610077637,0.11647582812713243,0.11698344655531862
RandomForest,True,100,0.14188280576603576,0.0159799935588422,0.1438901759161242,0.15099941823485977,0.1657214793523835,0.12665788964451266,0.1221450656822987
RandomForest,True,all,0.14192466499329,0.015929246676303934,0.1458420159860468,0.1502509461230303,0.16515998544957017,0.12690306907021542,0.1214673083375875
RandomForest,True,80,0.14239585337578967,0.01589043394978017,0.14383261845035952,0.15328249142254197,0.16511744953675586,0.12728160561840943,0.1224651018508816
GradientBoosting,True,40,0.14272332145473648,0.015107506868311419,0.1476451810950171,0.16049950602552868,0.15563869653576712,0.12488790339873267,0.12494532021863697
RandomForest,True,60,0.14437948610975956,0.01619786612916349,0.1467186752160864,0.15591987146327985,0.16661221823813263,0.1299879142689543,0.1226587513623447
ElasticNet,True,100,0.1448047145442733,0.03131875909270937,0.13269843638659126,0.14242745358690184,0.20545870028962548,0.12363638418742978,0.11980259827081823
Ridge,True,100,0.1451532817479238,0.03112527746229118,0.13304612128043733,0.14442822073857053,0.20504105740983922,0.12287993159747929,0.12037107771329261
ElasticNet,True,80,0.1471897260508781,0.03233736724445695,0.13410522702072267,0.14586593460449016,0.20951723117294077,0.12660106829673376,0.11985916915950318
Ridge,True,80,0.1477000903246841,0.03234302413460225,0.13421394124032293,0.14654895893840195,0.2101122127454221,0.12612177561871232,0.1215035630805612
RandomForest,False,all,0.14779488855683437,0.016231918454027328,0.14895907916568266,0.15127976120785128,0.17523311438771227,0.13600699946618042,0.12749548855674533
RandomForest,True,40,0.14785333117942648,0.015064688093517426,0.14898710857665462,0.15986026184335256,0.16830262523171308,0.13292307586846772,0.12919358437694445
GradientBoosting,True,20,0.15072221808038466,0.015325312651155852,0.15109928986484658,0.1665902162846472,0.1682728901019635,0.13847667507929454,0.12917201907117146
ElasticNet,True,60,0.15087995435068066,0.03465889111294047,0.13866138992172763,0.15090033369988307,0.21663795789383028,0.13111637703009954,0.1170837132078627
Ridge,True,60,0.15139583945107551,0.03495071871800648,0.13799643292237912,0.15158469524077664,0.21788133884858277,0.13141990493165304,0.1180968253119861
RandomForest,True,20,0.15273790637351217,0.014864964947799772,0.15220696132463477,0.1668001382707933,0.17174493078836067,0.13931214825893787,0.1336253532248343
ElasticNet,True,40,0.16174340726362593,0.03501368872664732,0.15029246397123366,0.16104232420059822,0.22790743100304725,0.14373325215048174,0.12574156499276876
Ridge,True,40,0.16212878852065576,0.03568493750805901,0.1495283553199144,0.16173316518296313,0.22974005158937272,0.14334917165849143,0.1262931988525371
Ridge,True,20,0.1687195378110667,0.033111457674435185,0.1543862458410543,0.1736705131955601,0.22965058722120416,0.15320818802501127,0.1326821547725037
ElasticNet,True,20,0.16886615328073107,0.03254006037632905,0.15517673718871958,0.17327428635531508,0.2286278779164766,0.1546224017209118,0.13262946322223226
