epoch,train_mse,valid_mse,valid_rmse_log
1,146.3450823222121,147.76746190737373,12.155964433703998
2,142.68100519049656,143.80853982167702,11.992019542797776
3,140.0912596820152,139.00399968395493,11.789995665933656
4,136.24242035330158,134.33428411614406,11.59026635983799
5,130.72748095368686,130.45691670456978,11.421774137080305
6,124.39048620772688,120.88227906945633,10.994647717975452
7,115.66485647959252,111.825893976917,10.57477610105303
8,105.4188665102606,97.70806257692102,9.884738803744979
9,93.24644302995237,84.8119653153093,9.209341232812628
10,81.37727690396244,74.52495627207298,8.632784219410691
11,68.66670791416952,61.93829350928738,7.870088771527835
12,56.29909985686002,48.538842972010784,6.96698221955235
13,44.98315434913113,37.40280480580787,6.115783608260385
14,33.28791370130565,29.068016600935426,5.391476417419882
15,25.346860101778212,19.17189138229579,4.378571932278571
16,17.87148846665474,12.942503119168217,3.5975690369281126
17,12.619340818222256,9.001593746551096,3.000265586541084
18,9.316066846455612,6.124490189225706,2.474770652856689
19,6.987569848152056,3.4374461435291863,1.854035090660671
20,5.7975288809162295,2.7977915594022567,1.6726600016195958
21,4.667098590772446,1.1754243210570452,1.0841698290294723
22,3.8525392258003968,0.8832647498339823,0.9398217063088086
23,3.2027948719181425,0.7773799512484302,0.8816915163589694
24,3.3985429006080103,0.3869426283117843,0.6220471484124807
25,3.158623316516615,0.32100864918264627,0.5665762547518685
26,3.347348928451538,0.3302442549842678,0.5746688117037404
27,2.921553801183831,0.3807151182873608,0.6170211761030926
28,3.1701062738078916,0.2359706400191947,0.48576809914089625
29,2.6930941408627653,0.17434730635930415,0.41754915442035667
30,2.9236462932743437,0.24868321500412405,0.4986814906218029
31,2.530030985401101,0.18271835127921954,0.4274556719513089
32,2.698148355092088,0.10269754522875564,0.32046457495310954
33,3.1122238733997083,0.12801466555628058,0.357791355291219
34,2.5150540038330913,0.12632844423594541,0.3554271422128489
35,2.5733514419973713,0.16449889887685645,0.40558465245603686
36,2.6251110508017343,0.1410057176261732,0.37550726992608496
37,2.537966349353529,0.14636464927294482,0.38257634410790303
38,2.6367639319537437,0.13698432502681263,0.37011392637240326
39,2.664027883581919,0.13016146635764267,0.3607789686419165
40,2.878096729108732,0.11542701670160033,0.33974551831027006
41,2.669168442895968,0.13939588323031385,0.37335757353899424
42,2.5652792845686823,0.18152123148718927,0.4260530916406016
43,2.6487461148876035,0.15835335360814448,0.39793637494850403
44,2.2447468368974453,0.10958980656649968,0.3310435245398564
45,2.1733110636880952,0.07756462387026172,0.27850425397390893
46,2.189089291716275,0.1251182753133447,0.353720631879958
47,2.241146151333639,0.13043058224736828,0.3611517604645546
48,2.1809167143416732,0.13177525660354797,0.3630086429725604
49,2.3497005096853596,0.10790544095104687,0.3284896345891026
50,2.1304868247411024,0.07874690935219804,0.28061879376300836
51,2.224757573375963,0.10496328066881389,0.3239803816763347
52,2.2653804413259846,0.10401608784721322,0.32251525227386685
53,2.134924929435939,0.1477337263218344,0.3843614420786957
54,2.2413528455446845,0.15255119202479925,0.3905780001021798
55,2.0759230901117194,0.06761486312910302,0.2600285912804048
56,2.683464047026961,0.11754552836287512,0.3428491362100896
57,2.1204868440758693,0.10235516410576154,0.3199299295457149
58,1.8407199121501348,0.10033387660163723,0.31675523185549037
59,2.113056581314296,0.062170488785390984,0.2493401028660054
60,1.8566517503294226,0.08385908726143511,0.2895843332030967
61,2.0038444244698304,0.07805994153022766,0.2793921061533562
62,1.7734200529856226,0.0789607264203568,0.28099952246499804
63,1.8603294810203657,0.07123364992950061,0.26689633293116016
64,1.8670348337251845,0.061006251467417366,0.24699445170520498
65,1.7040956657226771,0.04988730744752165,0.22335466636772847
66,1.7759079247304839,0.06577600696927881,0.25646833213343556
67,1.973600831750321,0.10774585543430015,0.32824663904856155
68,1.625862956047058,0.06549485568722634,0.2559196168289971
69,1.7244144106564456,0.08350384919202491,0.28897033974957015
70,1.871058612653654,0.08945277006658789,0.299086564948337
71,1.6946523932561481,0.07256016808829896,0.2693699478463368
72,1.7730400676596654,0.06508527946186392,0.25511816274292703
73,1.6830303587325632,0.07421279484278535,0.2724202443569906
74,1.6426929153808176,0.08775038930447135,0.29622693601795447
75,1.6682066329538006,0.08678509264367901,0.2945930972542759
76,1.6209341205962717,0.07186592421303056,0.26807821834922996
77,1.6972603144711012,0.05699679531054954,0.23874001817907622
78,1.833640885679689,0.06815504359259997,0.2610652222677505
79,1.4611649643884945,0.04457613825798035,0.21113061012721496
80,1.4553516988884914,0.048296385278848754,0.2197643840875453
81,1.6098455884685254,0.059529733218967096,0.24398716490436367
82,1.6012920386170688,0.05660600853088784,0.23792016702511032
83,1.5040833060055563,0.05812389025949452,0.24108896762507798
84,1.4809406407891887,0.0751866887591473,0.27420191862612736
85,1.5423384006709269,0.07298182859404446,0.2701514751217544
86,1.4530831738694074,0.04440351325559289,0.2107214174120187
87,1.4949165239726028,0.0670747178772541,0.25898786861773276
88,1.5433997324068252,0.11129307267192291,0.333606171209215
89,1.4278639832588091,0.05663805766260787,0.2379875014037581
90,1.4040158970715249,0.09131702540876115,0.30218707418954194
91,1.5618229859495816,0.05231752741622598,0.22873024765315367
92,1.3713977467523861,0.06566550848010468,0.25625281623130164
93,1.4214664093435627,0.06005251509686039,0.24505615234375
94,1.4103256088413605,0.06581162569457538,0.25653776839510417
95,1.33270126989443,0.06293666929210702,0.2508718368585555
96,1.2852187581258276,0.03429006621853946,0.18517576549390347
97,1.4049351313342786,0.027780294877617327,0.166674216417342
98,1.4448314447925514,0.04996429138804135,0.22352694208427606
99,1.4022243153559018,0.05113511382002536,0.2261307482971984
100,1.350987927554405,0.048755973781624884,0.22080754873305258
101,1.3049311678703517,0.03638665855237066,0.19075288000844914
102,1.277691419810465,0.05751714891154472,0.2398273307075845
103,1.1862352580240327,0.04218418840063761,0.20538789877201316
104,1.190529359530096,0.05002398288821521,0.2236604132132221
105,1.3665241231657055,0.0469264881047484,0.2166252315925025
106,1.3103990734440008,0.03423582208789375,0.18502925146988927
107,1.264145219979221,0.03647198750037853,0.19097640955312795
108,1.25543640247763,0.04453141716857479,0.21102468137150998
109,1.1851724533185566,0.04473899065019333,0.21151594041269775
110,1.1701590769911465,0.04395717729444373,0.2096596707752843
111,1.2589167944372517,0.04046072846610252,0.201148513252255
112,1.069481464281474,0.03948961305495811,0.19871994290606454
113,1.1445574041915267,0.044956324035174224,0.21202906990476605
114,1.1505077146504024,0.03705581823644573,0.1924988837023979
115,1.1629725645666253,0.032489731116858246,0.18024908295978803
116,1.1431030296299556,0.03629281920419164,0.1905067483552736
117,1.1624679589924747,0.03623832912783917,0.1903636720133693
118,1.246757061514136,0.03810639975413884,0.19520859815673886
119,1.2460301444955069,0.04258506750203159,0.20636149701676476
120,1.1320824688428068,0.02855485537382838,0.1689818238071514
121,1.0715409762238803,0.04496182674822742,0.21204203595787488
122,1.0988981152234012,0.06725227169386327,0.25933044234709873
123,1.082120708406788,0.03265995016857369,0.1807206348820241
124,1.1372220875465706,0.03944970228492397,0.1986194928709965
125,1.1309724115345576,0.038948132924429356,0.1973528055603642
126,1.1211048087028608,0.02830275319108408,0.16823422721557985
127,1.0400899444540885,0.02804263163204879,0.16745933644067937
